{"accuracy": [0.9645219445228577, 0.9974944591522217, 0.9989978075027466, 0.9996492266654968, 0.9971938133239746, 0.9997494220733643], "loss": [0.0905136838555336, 0.010093528777360916, 0.0033859191462397575, 0.0011638524010777473, 0.008758721873164177, 0.0006719792145304382], "val_accuracy": [0.5690519213676453, 0.5690519213676453, 0.5690519213676453, 0.5690519213676453, 0.5690519213676453, 0.5690519213676453], "val_loss": [6.758969783782959, 8.774664878845215, 10.04433536529541, 10.737104415893555, 10.365120887756348, 10.88261604309082]}